Battery_ID,Cycle,Voltage_V,Current_A,Temperature_C,Capacity_Ah,Internal_Resistance_Ohm,Charge_Time_min,SOH,Predicted_SOH
1.0,1.0,4.1725954478461205,1.312037280884873,27.85530759552985,2.7081725046786884,0.0480815458544195,88.88824373195297,100.0,99.47475
1.0,2.0,4.140929297513688,2.049512863264476,28.375759456331263,2.689404711028794,0.0399252465024609,88.97542494151804,99.6211563765395,99.51131
1.0,3.0,4.153963709988929,1.5842892970704363,27.629903552774948,2.680914872860738,0.0387311380317712,88.89105007815151,99.30667507430816,99.49063
1.0,4.0,4.187392320465567,1.0929008254399954,27.53318806838368,2.703898228198732,0.041747019267733,90.95139603669136,100.0,99.35248
1.0,5.0,4.144374593753102,2.3684660530243136,28.959690350308147,2.6847479223755486,0.0447647338408074,89.18270239231502,99.4486592180661,99.368935
1.0,6.0,4.145058243192521,2.325044568707964,30.009568268020825,2.6924996663188168,0.0459265907850142,86.38065975224045,99.7357999717044,99.26271
1.0,7.0,4.151202918538037,2.939169255529117,31.109249163901325,2.6714848750494307,0.0479952831168458,88.33182931426978,98.95736829919235,99.19798
1.0,8.0,4.159605506252506,1.7135066533871786,28.06049997744399,2.6664833341091416,0.0464308548687053,86.87391968927454,98.77210079739432,99.27109
1.0,9.0,4.141973765793756,1.1491012873595416,27.83590081048952,2.693919088382405,0.04811324537878,92.23866466021752,99.78837832362784,98.449135
1.0,10.0,4.144392511648431,1.2317381190502594,27.044694322112548,2.6992078773294423,0.0464937902942106,92.45109025424472,99.98428609034464,98.8077
1.0,11.0,4.144465115350044,1.6219646434313244,29.27570236262321,2.67952037833238,0.0428553761816329,92.21959083846086,99.25502009024936,99.00467
1.0,12.0,4.131432551852268,2.42648957444599,29.88833615286943,2.689981494194282,0.0466841868165252,93.67607313293192,99.6425216272542,98.06946
1.0,13.0,4.17021965483721,2.0454656587639883,28.87602060551581,2.6838207643719865,0.0454674077375757,87.8124990828172,99.41431535301676,99.43595
1.0,14.0,4.160052987359388,1.49858445829775,28.124369181445218,2.698820610748016,0.0501336821342245,89.6634595634527,99.9699409289379,98.95978
1.0,15.0,4.138723644346232,2.859395304685146,31.23994927459013,2.669880913973814,0.049224559958796,91.26423374011256,98.89795423760444,98.39694
1.0,16.0,4.166577932003247,2.7921825998469867,30.85280783485784,2.6855510929844475,0.0436938407183679,90.14467570680446,99.47841033157388,99.33121
1.0,17.0,4.123797275778019,2.6360295318449865,28.2839182256392,2.673776858778806,0.0468865538316663,90.05896709683941,99.04226815401164,98.71974
1.0,18.0,4.152294044898003,1.6464058640415105,28.303963001402167,2.674146509758028,0.0515585577036315,91.24915562566368,99.05596079679415,98.3905
1.0,19.0,4.144133311263508,2.9248945898842225,30.986948536159133,2.681171899995206,0.0409294861340293,88.80493633112869,99.31619589512432,99.51289
1.0,20.0,4.146535215238245,2.005358046457723,28.82462866847704,2.6612449329726044,0.0454229171056566,91.60309468466724,98.57805950020838,98.88305
